feature,importance
QualTotalSF,0.19037603
QualGrLivArea,0.0793957
KitchenQual,0.041988987
ExterQual,0.037888717
GarageCars,0.03736618
HasFireplace,0.035221066
GarageQualCond,0.034036644
OverallQual,0.033055272
CentralAir_Y,0.032735717
GarageFinish,0.028633188
TotalFinishedSF,0.028264353
GarageCond,0.025953999
MSZoning_RM,0.02305405
BsmtQual,0.022641372
TotalSF,0.019657375
MSZoning_RL,0.01853575
FireplaceQu,0.01709527
TotalBathrooms,0.013270689
OverallQualCond,0.010843108
YearBuilt,0.008604725
